ALTER SESSION SET NLS_DATE_FORMAT = 'DD/MM/YYYY';
/*PoblarOK*/
insert into Ventas (id, idEmpleado, fecha) values ('V1000', '10000134', '13/08/2022');
insert into Ventas (id, idEmpleado, fecha) values ('V1001', '10000096', '19/10/2022');
insert into Ventas (id, idEmpleado, fecha) values ('V1002', '10000173', '29/09/2022');
insert into Ventas (id, idEmpleado, fecha) values ('V1003', '10000071', '21/10/2022');
insert into Ventas (id, idEmpleado, fecha) values ('V1004', '10000055', '28/03/2023');
insert into Ventas (id, idEmpleado, fecha) values ('V1005', '10000159', '20/07/2022');
insert into Ventas (id, idEmpleado, fecha) values ('V1006', '10000164', '26/12/2022');
insert into Ventas (id, idEmpleado, fecha) values ('V1007', '10000133', '27/04/2023');
insert into Ventas (id, idEmpleado, fecha) values ('V1008', '10000156', '15/02/2023');
insert into Ventas (id, idEmpleado, fecha) values ('V1009', '10000172', '13/11/2022');
insert into Ventas (id, idEmpleado, fecha) values ('V1010', '10000163', '12/07/2022');
insert into Ventas (id, idEmpleado, fecha) values ('V1011', '10000167', '08/01/2023');
insert into Ventas (id, idEmpleado, fecha) values ('V1012', '10000151', '23/06/2022');
insert into Ventas (id, idEmpleado, fecha) values ('V1013', '10000098', '09/08/2022');
insert into Ventas (id, idEmpleado, fecha) values ('V1014', '10000160', '04/09/2022');
insert into Ventas (id, idEmpleado, fecha) values ('V1015', '10000176', '05/11/2022');
insert into Ventas (id, idEmpleado, fecha) values ('V1016', '10000149', '12/05/2023');
insert into Ventas (id, idEmpleado, fecha) values ('V1017', '10000070', '04/06/2022');
insert into Ventas (id, idEmpleado, fecha) values ('V1018', '10000167', '02/04/2023');
insert into Ventas (id, idEmpleado, fecha) values ('V1019', '10000056', '01/10/2022');
insert into Ventas (id, idEmpleado, fecha) values ('V1020', '10000043', '22/09/2022');
insert into Ventas (id, idEmpleado, fecha) values ('V1021', '10000159', '18/07/2022');
insert into Ventas (id, idEmpleado, fecha) values ('V1022', '10000099', '08/08/2022');
insert into Ventas (id, idEmpleado, fecha) values ('V1023', '10000105', '30/10/2022');
insert into Ventas (id, idEmpleado, fecha) values ('V1024', '10000077', '29/09/2022');
insert into Ventas (id, idEmpleado, fecha) values ('V1025', '10000176', '03/12/2022');
insert into Ventas (id, idEmpleado, fecha) values ('V1026', '10000149', '30/10/2022');
insert into Ventas (id, idEmpleado, fecha) values ('V1027', '10000132', '23/08/2022');
insert into Ventas (id, idEmpleado, fecha) values ('V1028', '10000107', '11/08/2022');
insert into Ventas (id, idEmpleado, fecha) values ('V1029', '10000000', '11/07/2022');
insert into Ventas (id, idEmpleado, fecha) values ('V1030', '10000189', '19/04/2023');
insert into Ventas (id, idEmpleado, fecha) values ('V1031', '10000103', '01/02/2023');
insert into Ventas (id, idEmpleado, fecha) values ('V1032', '10000181', '02/10/2022');
insert into Ventas (id, idEmpleado, fecha) values ('V1033', '10000191', '07/03/2023');
insert into Ventas (id, idEmpleado, fecha) values ('V1034', '10000005', '15/05/2023');
insert into Ventas (id, idEmpleado, fecha) values ('V1035', '10000020', '20/04/2023');
insert into Ventas (id, idEmpleado, fecha) values ('V1036', '10000118', '29/12/2022');
insert into Ventas (id, idEmpleado, fecha) values ('V1037', '10000009', '23/11/2022');
insert into Ventas (id, idEmpleado, fecha) values ('V1038', '10000055', '15/12/2022');
insert into Ventas (id, idEmpleado, fecha) values ('V1039', '10000034', '26/02/2023');
insert into Ventas (id, idEmpleado, fecha) values ('V1040', '10000159', '18/11/2022');
insert into Ventas (id, idEmpleado, fecha) values ('V1041', '10000012', '25/08/2022');
insert into Ventas (id, idEmpleado, fecha) values ('V1042', '10000165', '16/03/2023');
insert into Ventas (id, idEmpleado, fecha) values ('V1043', '10000189', '14/10/2022');
insert into Ventas (id, idEmpleado, fecha) values ('V1044', '10000093', '28/08/2022');
insert into Ventas (id, idEmpleado, fecha) values ('V1045', '10000093', '10/08/2022');
insert into Ventas (id, idEmpleado, fecha) values ('V1046', '10000102', '26/12/2019');
insert into Ventas (id, idEmpleado, fecha) values ('V1047', '10000127', '19/05/2023');
insert into Ventas (id, idEmpleado, fecha) values ('V1048', '10000096', '13/07/2022');
insert into Ventas (id, idEmpleado, fecha) values ('V1049', '10000001', '09/04/2023');
insert into Ventas (id, idEmpleado, fecha) values ('V1050', '10000132', '03/01/2023');
insert into Ventas (id, idEmpleado, fecha) values ('V1051', '10000157', '14/03/2020');
insert into Ventas (id, idEmpleado, fecha) values ('V1052', '10000056', '08/02/2023');
insert into Ventas (id, idEmpleado, fecha) values ('V1053', '10000138', '11/06/2022');
insert into Ventas (id, idEmpleado, fecha) values ('V1054', '10000140', '18/02/2023');
insert into Ventas (id, idEmpleado, fecha) values ('V1055', '10000111', '07/05/2023');
insert into Ventas (id, idEmpleado, fecha) values ('V1056', '10000156', '17/09/2022');
insert into Ventas (id, idEmpleado, fecha) values ('V1057', '10000094', '24/07/2018');
insert into Ventas (id, idEmpleado, fecha) values ('V1058', '10000177', '07/11/2022');
insert into Ventas (id, idEmpleado, fecha) values ('V1059', '10000026', '05/10/2022');
insert into Ventas (id, idEmpleado, fecha) values ('V1060', '10000165', '31/03/2023');
insert into Ventas (id, idEmpleado, fecha) values ('V1061', '10000157', '26/03/2023');
insert into Ventas (id, idEmpleado, fecha) values ('V1062', '10000128', '16/12/2022');
insert into Ventas (id, idEmpleado, fecha) values ('V1063', '10000000', '30/03/2023');
insert into Ventas (id, idEmpleado, fecha) values ('V1064', '10000077', '15/10/2022');
insert into Ventas (id, idEmpleado, fecha) values ('V1065', '10000157', '24/03/2023');
insert into Ventas (id, idEmpleado, fecha) values ('V1066', '10000053', '15/01/2023');
insert into Ventas (id, idEmpleado, fecha) values ('V1067', '10000062', '17/03/2023');
insert into Ventas (id, idEmpleado, fecha) values ('V1068', '10000126', '16/03/2023');
insert into Ventas (id, idEmpleado, fecha) values ('V1069', '10000009', '10/10/2022');
insert into Ventas (id, idEmpleado, fecha) values ('V1070', '10000157', '14/06/2022');
insert into Ventas (id, idEmpleado, fecha) values ('V1071', '10000040', '15/01/2023');
insert into Ventas (id, idEmpleado, fecha) values ('V1072', '10000081', '02/07/2022');
insert into Ventas (id, idEmpleado, fecha) values ('V1073', '10000009', '03/02/2023');
insert into Ventas (id, idEmpleado, fecha) values ('V1074', '10000189', '25/05/2022');
insert into Ventas (id, idEmpleado, fecha) values ('V1075', '10000177', '26/11/2022');
insert into Ventas (id, idEmpleado, fecha) values ('V1076', '10000002', '29/07/2022');
insert into Ventas (id, idEmpleado, fecha) values ('V1077', '10000052', '04/01/2023');
insert into Ventas (id, idEmpleado, fecha) values ('V1078', '10000133', '03/06/2022');
insert into Ventas (id, idEmpleado, fecha) values ('V1079', '10000081', '12/10/2022');
insert into Ventas (id, idEmpleado, fecha) values ('V1080', '10000156', '15/09/2022');
insert into Ventas (id, idEmpleado, fecha) values ('V1081', '10000020', '25/04/2023');
insert into Ventas (id, idEmpleado, fecha) values ('V1082', '10000026', '26/09/2022');
insert into Ventas (id, idEmpleado, fecha) values ('V1083', '10000102', '30/05/2022');
insert into Ventas (id, idEmpleado, fecha) values ('V1084', '10000149', '07/05/2023');
insert into Ventas (id, idEmpleado, fecha) values ('V1085', '10000087', '03/03/2023');
insert into Ventas (id, idEmpleado, fecha) values ('V1086', '10000092', '23/07/2022');
insert into Ventas (id, idEmpleado, fecha) values ('V1087', '10000088', '08/04/2023');
insert into Ventas (id, idEmpleado, fecha) values ('V1088', '10000132', '08/07/2022');
insert into Ventas (id, idEmpleado, fecha) values ('V1089', '10000152', '05/12/2022');
insert into Ventas (id, idEmpleado, fecha) values ('V1090', '10000078', '06/11/2022');
insert into Ventas (id, idEmpleado, fecha) values ('V1091', '10000158', '13/05/2023');
insert into Ventas (id, idEmpleado, fecha) values ('V1092', '10000037', '19/02/2023');
insert into Ventas (id, idEmpleado, fecha) values ('V1093', '10000181', '23/09/2022');
insert into Ventas (id, idEmpleado, fecha) values ('V1094', '10000118', '22/03/2023');
insert into Ventas (id, idEmpleado, fecha) values ('V1095', '10000176', '22/12/2022');
insert into Ventas (id, idEmpleado, fecha) values ('V1096', '10000093', '07/09/2022');
insert into Ventas (id, idEmpleado, fecha) values ('V1097', '10000157', '29/01/2023');
insert into Ventas (id, idEmpleado, fecha) values ('V1098', '10000102', '30/12/2022');
insert into Ventas (id, idEmpleado, fecha) values ('V1099', '10000099', '22/05/2023');

insert into DetallesVentas (id, idventa, detalle, cantidad, idPerecederos, idNoPerecederos) values ('V1000', 'V1006', 'uEeGcjzDMkCYWIOWaIasKeGHpYZWEGFBNbEhDvre', 43074, 10000059, 10001028);
insert into DetallesVentas (id, idventa, detalle, cantidad, idPerecederos, idNoPerecederos) values ('V1001', 'V1072', 'VDSZXXyQVStKJPXKGkFMzxNNkYKrtjayvPxRMcMK', 82232, 10000066, 10001082);
insert into DetallesVentas (id, idventa, detalle, cantidad, idPerecederos, idNoPerecederos) values ('V1002', 'V1038', 'uAfjzxOagFMgdWHmFaUGcJOlKJTgsdeCflAplqGI', 57042, 10000054, 10001001);
insert into DetallesVentas (id, idventa, detalle, cantidad, idPerecederos, idNoPerecederos) values ('V1003', 'V1032', 'UhxuErMbsscaQyVUByOPRBImLoEpDZVVHatXwFBJ', 50831, 10000008, 10001020);
insert into DetallesVentas (id, idventa, detalle, cantidad, idPerecederos, idNoPerecederos) values ('V1004', 'V1077', 'rQZbwCmTxmEnwYFlihcmzGvqRfHDrtDdKPUkBAIM', 33782, 10000055, 10001005);
insert into DetallesVentas (id, idventa, detalle, cantidad, idPerecederos, idNoPerecederos) values ('V1005', 'V1072', 'mHsQSqdqrrtosiXahFVlfbJiYvjexnoNVtHsxmrL', 58240, 10000051, 10001025);
insert into DetallesVentas (id, idventa, detalle, cantidad, idPerecederos, idNoPerecederos) values ('V1006', 'V1008', 'lxCdrAuRzaFjqaQRYtJyHLqRZKoiCxHEdJrizVYa', 3905, 10000065, 10001006);
insert into DetallesVentas (id, idventa, detalle, cantidad, idPerecederos, idNoPerecederos) values ('V1007', 'V1054', 'ojZuwmbjQmgIHqEwAYqbfwUyRqshevHHoLhtffIX', 1094, 10000091, 10001030);
insert into DetallesVentas (id, idventa, detalle, cantidad, idPerecederos, idNoPerecederos) values ('V1008', 'V1019', 'OlMXaFuaSULKDicijFvpiDoxpdVtQQVMhiBTcplQ', 85330, 10000096, 10001083);
insert into DetallesVentas (id, idventa, detalle, cantidad, idPerecederos, idNoPerecederos) values ('V1009', 'V1088', 'rRreaKRvDFtRNJJAYMokxiMvTihtDBgdgEitoxQG', 88050, 10000065, 10001030);
insert into DetallesVentas (id, idventa, detalle, cantidad, idPerecederos, idNoPerecederos) values ('V1010', 'V1029', 'DRPgKYxYTchdjUHMYMDTHFTWCwkKKSOdDdjlGPko', 68315, 10000039, 10001044);
insert into DetallesVentas (id, idventa, detalle, cantidad, idPerecederos, idNoPerecederos) values ('V1011', 'V1036', 'cxPlHUMJLNGhGHnMpGgSxsoxoAuXlneuGFKkxday', 52085, 10000022, 10001023);
insert into DetallesVentas (id, idventa, detalle, cantidad, idPerecederos, idNoPerecederos) values ('V1012', 'V1088', 'NquLKbnberYjazXuapQTxTFPFNhgNwWOpUFFDEnA', 35918, 10000031, 10001088);
insert into DetallesVentas (id, idventa, detalle, cantidad, idPerecederos, idNoPerecederos) values ('V1013', 'V1040', 'cIqDrIoGMhTbpIJcvWtLQNwcfBaAcTDsQdiIzNOQ', 63486, 10000097, 10001065);
insert into DetallesVentas (id, idventa, detalle, cantidad, idPerecederos, idNoPerecederos) values ('V1014', 'V1004', 'onyZMYnStQKxjBqzQbFtjJNbZhjdhoPPMzMwGqcw', 10656, 10000093, 10001027);
insert into DetallesVentas (id, idventa, detalle, cantidad, idPerecederos, idNoPerecederos) values ('V1015', 'V1034', 'eewyeoIwRzYyroNiInSZIcllkkqShlJVGgFnvWcu', 35635, 10000091, 10001013);
insert into DetallesVentas (id, idventa, detalle, cantidad, idPerecederos, idNoPerecederos) values ('V1016', 'V1038', 'WYvlBYjKDGUzReavDvgdzhloDauwRmuaPnVzsJYr', 64485, 10000067, 10001060);
insert into DetallesVentas (id, idventa, detalle, cantidad, idPerecederos, idNoPerecederos) values ('V1017', 'V1035', 'JXFVtyKLLSwASeecadFezkSDOhRjrbzhDikKPggP', 6183, 10000065, 10001078);
insert into DetallesVentas (id, idventa, detalle, cantidad, idPerecederos, idNoPerecederos) values ('V1018', 'V1014', 'DnCJDAyZJGRCQpiTlwXjrRdXZdCsbdBJdGZRpShi', 716, 10000037, 10001059);
insert into DetallesVentas (id, idventa, detalle, cantidad, idPerecederos, idNoPerecederos) values ('V1019', 'V1063', 'kXxbWgEwvqTSUNoUBaviePwCWusLYUqGsZUEYbkU', 24744, 10000050, 10001015);
insert into DetallesVentas (id, idventa, detalle, cantidad, idPerecederos, idNoPerecederos) values ('V1020', 'V1053', 'kDgzMaWYqRXmLcvjjGBPaPXPNiKfGjjmrjIPxyUR', 5373, 10000001, 10001028);
insert into DetallesVentas (id, idventa, detalle, cantidad, idPerecederos, idNoPerecederos) values ('V1021', 'V1095', 'QlfGYJhnFUuAjnjXVqykeOjWIOfkGDtiwsorCRhS', 54791, 10000035, 10001078);
insert into DetallesVentas (id, idventa, detalle, cantidad, idPerecederos, idNoPerecederos) values ('V1022', 'V1030', 'WZftwRyJOVsHFeyflCqBSIexBTUjVlqwijsjWnBK', 5462, 10000016, 10001027);
insert into DetallesVentas (id, idventa, detalle, cantidad, idPerecederos, idNoPerecederos) values ('V1023', 'V1049', 'hUtCmiZKVewjHDhHNqZDBWZyJFtZAuJsfphcLrfJ', 73024, 10000031, 10001003);
insert into DetallesVentas (id, idventa, detalle, cantidad, idPerecederos, idNoPerecederos) values ('V1024', 'V1077', 'AjOiOTRHKgIorHXsNYxCeiIUXbHePhXVXquSXPBp', 918, 10000031, 10001061);
insert into DetallesVentas (id, idventa, detalle, cantidad, idPerecederos, idNoPerecederos) values ('V1025', 'V1054', 'StEUAHeVVEXkmrJwMkwDRNqMEPcPpquSZYIXAeQJ', 65846, 10000021, 10001015);
insert into DetallesVentas (id, idventa, detalle, cantidad, idPerecederos, idNoPerecederos) values ('V1026', 'V1037', 'qpfLxDdUkdLUpaWThvIwdWQiQzFGyNnmRxfAehLh', 41407, 10000037, 10001058);
insert into DetallesVentas (id, idventa, detalle, cantidad, idPerecederos, idNoPerecederos) values ('V1027', 'V1016', 'QuKenpOiXJapnvYHvVMdGdlWMTEKuEueJbEUyhNJ', 47055, 10000027, 10001073);
insert into DetallesVentas (id, idventa, detalle, cantidad, idPerecederos, idNoPerecederos) values ('V1028', 'V1055', 'AiPbLBzgaFyEMmNlThnNyOWwOYEUgZLdnwsaWSYS', 95424, 10000078, 10001099);
insert into DetallesVentas (id, idventa, detalle, cantidad, idPerecederos, idNoPerecederos) values ('V1029', 'V1092', 'ITlyeFreIBYzvpgTqvrzpFFOVXdIhCtlMssBNNgy', 91524, 10000026, 10001027);
insert into DetallesVentas (id, idventa, detalle, cantidad, idPerecederos, idNoPerecederos) values ('V1030', 'V1084', 'kBThoqeVPqxJfqPbRUeJEirkxINCpyuxtvgiVXto', 57416, 10000011, 10001059);
insert into DetallesVentas (id, idventa, detalle, cantidad, idPerecederos, idNoPerecederos) values ('V1031', 'V1040', 'rsufohlOTOOvrycJPwcvEomNwoDjcKesLQcsjMXQ', 96411, 10000080, 10001075);
insert into DetallesVentas (id, idventa, detalle, cantidad, idPerecederos, idNoPerecederos) values ('V1032', 'V1030', 'OPEuLFGVOoPgPiYoLKRGHHJJIIhJWfbqpMuHbUkl', 87373, 10000044, 10001053);
insert into DetallesVentas (id, idventa, detalle, cantidad, idPerecederos, idNoPerecederos) values ('V1033', 'V1071', 'eyeIqXcrnqbYUNwXmHxmTJeIQXcPGbVbNTAYykpY', 79988, 10000018, 10001002);
insert into DetallesVentas (id, idventa, detalle, cantidad, idPerecederos, idNoPerecederos) values ('V1034', 'V1084', 'TANHFXzzBBEJefrtlOcIVTtSeFfOrhpIwxbOtsPC', 31632, 10000032, 10001087);
insert into DetallesVentas (id, idventa, detalle, cantidad, idPerecederos, idNoPerecederos) values ('V1035', 'V1069', 'xiRNQABpgWnHAuuQADPNFYDuyPeSkAAeTgmmBgUo', 23943, 10000097, 10001069);
insert into DetallesVentas (id, idventa, detalle, cantidad, idPerecederos, idNoPerecederos) values ('V1036', 'V1000', 'HXMWioNXvqoVbliPZJKsAldcjmNPKrsvNwpGNbJc', 47626, 10000065, 10001069);
insert into DetallesVentas (id, idventa, detalle, cantidad, idPerecederos, idNoPerecederos) values ('V1037', 'V1096', 'tlqboibwNHxCOVJFnhGWfONblqndvrCIWNyFWsvP', 29009, 10000057, 10001098);
insert into DetallesVentas (id, idventa, detalle, cantidad, idPerecederos, idNoPerecederos) values ('V1038', 'V1071', 'nIgJjMUitaNJLQnSJHyHYUuUBVvXCYheAgyKkpsF', 37467, 10000052, 10001079);
insert into DetallesVentas (id, idventa, detalle, cantidad, idPerecederos, idNoPerecederos) values ('V1039', 'V1055', 'VJTLNiIezQTUjnUzZgiEOdqLPabEyWYiYQHuafZp', 79813, 10000044, 10001031);
insert into DetallesVentas (id, idventa, detalle, cantidad, idPerecederos, idNoPerecederos) values ('V1040', 'V1025', 'hHkVSxyGXsRxsZWYxhajNZvnazwIGiCwiXVrloaZ', 71265, 10000010, 10001095);
insert into DetallesVentas (id, idventa, detalle, cantidad, idPerecederos, idNoPerecederos) values ('V1041', 'V1021', 'vsJVJHpkQKnGtVkpWuHHPnxErDKEKhlcIHnqvZzT', 70338, 10000056, 10001093);
insert into DetallesVentas (id, idventa, detalle, cantidad, idPerecederos, idNoPerecederos) values ('V1042', 'V1016', 'CeAkqKiNQFWWOsQOsgdsIrBRUMdlbQpWVOiDkTqJ', 92782, 10000052, 10001034);
insert into DetallesVentas (id, idventa, detalle, cantidad, idPerecederos, idNoPerecederos) values ('V1043', 'V1099', 'ThhIPFomnLidghSZZuPzndBPcelBSGAeFUGbgwxp', 61596, 10000059, 10001009);
insert into DetallesVentas (id, idventa, detalle, cantidad, idPerecederos, idNoPerecederos) values ('V1044', 'V1006', 'soYbOaqguLyenKmjaybmnmobZqKdiwzVEaFHbIPb', 93303, 10000065, 10001028);
insert into DetallesVentas (id, idventa, detalle, cantidad, idPerecederos, idNoPerecederos) values ('V1045', 'V1042', 'myOeZYpbqEVnlQiTveZMennvrHRsjuAKBmgAkvUg', 13568, 10000092, 10001068);
insert into DetallesVentas (id, idventa, detalle, cantidad, idPerecederos, idNoPerecederos) values ('V1046', 'V1008', 'qgUpXtBnWZzpYrrqxmPMLdAykIuynVxWMfWLJyNd', 15099, 10000047, 10001039);
insert into DetallesVentas (id, idventa, detalle, cantidad, idPerecederos, idNoPerecederos) values ('V1047', 'V1003', 'jOyttNXzHssEdoMqaoiQrIBbhOsSOZpVoPivoPPn', 65922, 10000061, 10001052);
insert into DetallesVentas (id, idventa, detalle, cantidad, idPerecederos, idNoPerecederos) values ('V1048', 'V1084', 'xZRESvePDqkakMxMUqbGiwiDGZlGiGKoqYMNqrJi', 77981, 10000010, 10001037);
insert into DetallesVentas (id, idventa, detalle, cantidad, idPerecederos, idNoPerecederos) values ('V1049', 'V1048', 'XNGKQpgpJRfaTEiNOdJAlynmejNEXtdRBXGvCwfG', 78238, 10000048, 10001007);
insert into DetallesVentas (id, idventa, detalle, cantidad, idPerecederos, idNoPerecederos) values ('V1050', 'V1059', 'lIAfleVTJHJGTLRNnCoHchmWfjNNfrrZihLAdiFP', 25190, 10000063, 10001014);
insert into DetallesVentas (id, idventa, detalle, cantidad, idPerecederos, idNoPerecederos) values ('V1051', 'V1050', 'NGXriXYiWbZsdvukUBRrRVkrFncOjcMlBzjMfKlU', 55066, 10000031, 10001070);
insert into DetallesVentas (id, idventa, detalle, cantidad, idPerecederos, idNoPerecederos) values ('V1052', 'V1013', 'vWATmFtZNpmSFNcpNsCGdJotqipzQTmHRoUeaJHJ', 75483, 10000080, 10001006);
insert into DetallesVentas (id, idventa, detalle, cantidad, idPerecederos, idNoPerecederos) values ('V1053', 'V1094', 'DaOIbEArrxQbtIisOLiSkqukyANgnAvJKeMcmvRI', 75289, 10000068, 10001011);
insert into DetallesVentas (id, idventa, detalle, cantidad, idPerecederos, idNoPerecederos) values ('V1054', 'V1082', 'mEFGMnggQwFMJKgJRzgaeuNzzKPCbJxrNheZnnHw', 35975, 10000063, 10001027);
insert into DetallesVentas (id, idventa, detalle, cantidad, idPerecederos, idNoPerecederos) values ('V1055', 'V1087', 'WGPkgldjhWXWUUNkKCCsqTIrOYydsxymNSSRyEWW', 91292, 10000007, 10001099);
insert into DetallesVentas (id, idventa, detalle, cantidad, idPerecederos, idNoPerecederos) values ('V1056', 'V1061', 'dCGTphPWggVjggcpuJgXSbIBgvBWrAiJZfDgTSWs', 49789, 10000004, 10001019);
insert into DetallesVentas (id, idventa, detalle, cantidad, idPerecederos, idNoPerecederos) values ('V1057', 'V1024', 'xfSlyktZuTVrWuWCfCisgsYSsodIyttOHJAdYGuk', 9898, 10000021, 10001019);
insert into DetallesVentas (id, idventa, detalle, cantidad, idPerecederos, idNoPerecederos) values ('V1058', 'V1044', 'LLcDmWWRRGkfOHAqWqXGmrkgOcVuYrhrtHGVmiRh', 89148, 10000095, 10001065);
insert into DetallesVentas (id, idventa, detalle, cantidad, idPerecederos, idNoPerecederos) values ('V1059', 'V1007', 'uoHprtVSXTPOSzFAUhwfcoDuBQsujxeCXkXumlGz', 40766, 10000012, 10001078);
insert into DetallesVentas (id, idventa, detalle, cantidad, idPerecederos, idNoPerecederos) values ('V1060', 'V1029', 'GDYTHpcSqqijmrKRyXelxKsRmzPdgCJGOKtLFddt', 34739, 10000030, 10001009);
insert into DetallesVentas (id, idventa, detalle, cantidad, idPerecederos, idNoPerecederos) values ('V1061', 'V1028', 'CkOxgWXLpJHzudekJvqbNyfsNFBjJzyukESFvSJQ', 43410, 10000020, 10001011);
insert into DetallesVentas (id, idventa, detalle, cantidad, idPerecederos, idNoPerecederos) values ('V1062', 'V1025', 'ZczArsselfNkOXZcGgFRBTStBFeXAkYIlbLMwuBn', 67319, 10000025, 10001039);
insert into DetallesVentas (id, idventa, detalle, cantidad, idPerecederos, idNoPerecederos) values ('V1063', 'V1053', 'qjoYNkukuIVctnLXdwLTpuwVPknoNwWCRSfxGoyv', 35815, 10000003, 10001001);
insert into DetallesVentas (id, idventa, detalle, cantidad, idPerecederos, idNoPerecederos) values ('V1064', 'V1059', 'FYwPDeXSMItEzlLmojngvnoksrADaBUBENZDyvLc', 10088, 10000014, 10001012);
insert into DetallesVentas (id, idventa, detalle, cantidad, idPerecederos, idNoPerecederos) values ('V1065', 'V1011', 'JNrxCbKdoRjBsXTjLFiEVUhaIwadJFxxciNKgVpb', 68986, 10000007, 10001079);
insert into DetallesVentas (id, idventa, detalle, cantidad, idPerecederos, idNoPerecederos) values ('V1066', 'V1042', 'YgPWfQOSDFyTPMAgiNvlSkIBFtNJnrtDzgKicsPr', 12183, 10000049, 10001024);
insert into DetallesVentas (id, idventa, detalle, cantidad, idPerecederos, idNoPerecederos) values ('V1067', 'V1094', 'GbewwMCEvXMhYDWpfLDwdMCSKKkZXLSWllzqttXU', 20337, 10000014, 10001071);
insert into DetallesVentas (id, idventa, detalle, cantidad, idPerecederos, idNoPerecederos) values ('V1068', 'V1014', 'jjGnRItRmRKAiZRRYdxZBqHyNrYYZAPRqVzbCzhI', 24529, 10000028, 10001024);
insert into DetallesVentas (id, idventa, detalle, cantidad, idPerecederos, idNoPerecederos) values ('V1069', 'V1066', 'pLzkoPUvQQNmbGhMLGMOoejBEGCBwoPNDvFgkPab', 93317, 10000011, 10001010);
insert into DetallesVentas (id, idventa, detalle, cantidad, idPerecederos, idNoPerecederos) values ('V1070', 'V1090', 'eRGQjxSUhiOYWbgGIHnizqJYpEvxRSpFqEOkdJUj', 22045, 10000027, 10001026);
insert into DetallesVentas (id, idventa, detalle, cantidad, idPerecederos, idNoPerecederos) values ('V1071', 'V1031', 'lZBZpOcPjHluVGQCfMOHuamBdJHNSXwskSQLTrJF', 34818, 10000082, 10001058);
insert into DetallesVentas (id, idventa, detalle, cantidad, idPerecederos, idNoPerecederos) values ('V1072', 'V1033', 'DgrpfCOCKAFjUAZpcjteOMhsAmBZReBLiEUjABar', 94685, 10000078, 10001052);
insert into DetallesVentas (id, idventa, detalle, cantidad, idPerecederos, idNoPerecederos) values ('V1073', 'V1048', 'MUpWOrYzxwaoCSeOmtEMhEGXOlTxaIFjnIqkuCQi', 90720, 10000004, 10001068);
insert into DetallesVentas (id, idventa, detalle, cantidad, idPerecederos, idNoPerecederos) values ('V1074', 'V1060', 'fugpoojpDjXBuyMWGFxfcQCKAoWmOoLFjrokaofR', 85543, 10000067, 10001095);
insert into DetallesVentas (id, idventa, detalle, cantidad, idPerecederos, idNoPerecederos) values ('V1075', 'V1006', 'mPvsYeOWStwdOLfKrFpDnxPYvFuGGGFVOPGiroKk', 32971, 10000076, 10001016);
insert into DetallesVentas (id, idventa, detalle, cantidad, idPerecederos, idNoPerecederos) values ('V1076', 'V1055', 'CDONBGzdUtmglaDrMzQTsqHIcRqnYZySIndLIyzu', 85085, 10000031, 10001055);
insert into DetallesVentas (id, idventa, detalle, cantidad, idPerecederos, idNoPerecederos) values ('V1077', 'V1031', 'QraOhGVYJFDFWEmHmcGTDLuesppfZJtvfhRZkJQG', 21313, 10000093, 10001050);
insert into DetallesVentas (id, idventa, detalle, cantidad, idPerecederos, idNoPerecederos) values ('V1078', 'V1029', 'bMzfTPqglfceXbTmFhASwoGNOVWImRLDPSdiasGD', 13314, 10000008, 10001049);
insert into DetallesVentas (id, idventa, detalle, cantidad, idPerecederos, idNoPerecederos) values ('V1079', 'V1098', 'pxjfdPjgmXwSVXqmRYJxMGgeJEKgMCAuRnVVjZJS', 19328, 10000075, 10001099);
insert into DetallesVentas (id, idventa, detalle, cantidad, idPerecederos, idNoPerecederos) values ('V1080', 'V1037', 'kqKEVMzjvVeWkKDWWSKHbIlxuxVLZwdrbYLZLiTq', 28583, 10000046, 10001047);
insert into DetallesVentas (id, idventa, detalle, cantidad, idPerecederos, idNoPerecederos) values ('V1081', 'V1061', 'BvoTuHIEykJKkScjOoJSTSADgXicNNWVXZeDUtWo', 83269, 10000018, 10001075);
insert into DetallesVentas (id, idventa, detalle, cantidad, idPerecederos, idNoPerecederos) values ('V1082', 'V1027', 'rUEQosohPpXnGSQOoPDKnwSeAEvqaUBXPwgUqmtC', 10055, 10000051, 10001093);
insert into DetallesVentas (id, idventa, detalle, cantidad, idPerecederos, idNoPerecederos) values ('V1083', 'V1018', 'RRMcSZDtTHnNUhJYxJmHHjAPiwKSXkzyPOdHZhxk', 78933, 10000062, 10001011);
insert into DetallesVentas (id, idventa, detalle, cantidad, idPerecederos, idNoPerecederos) values ('V1084', 'V1075', 'CnmsaOcSkuvjEcHFSNurteTcnHjCOjXIMAWoeSDb', 72484, 10000006, 10001079);
insert into DetallesVentas (id, idventa, detalle, cantidad, idPerecederos, idNoPerecederos) values ('V1085', 'V1073', 'CBAydcUSyKrHCkBxfnSVgfnljJzxvyBvGNbTcqzr', 21963, 10000054, 10001084);
insert into DetallesVentas (id, idventa, detalle, cantidad, idPerecederos, idNoPerecederos) values ('V1086', 'V1067', 'SxjZnAgzYIPuCgKKXBuXkzlnJOByBZCxeBrQDdnh', 47542, 10000004, 10001077);
insert into DetallesVentas (id, idventa, detalle, cantidad, idPerecederos, idNoPerecederos) values ('V1087', 'V1056', 'NbLukcZdExZSyuBohQyImNuLnjdDWujeTNQPvMlE', 23698, 10000026, 10001077);
insert into DetallesVentas (id, idventa, detalle, cantidad, idPerecederos, idNoPerecederos) values ('V1088', 'V1059', 'RCTspRJzgAtxnjvmjjPoLmKUEPKeujDYyRvDJisv', 2250, 10000008, 10001008);
insert into DetallesVentas (id, idventa, detalle, cantidad, idPerecederos, idNoPerecederos) values ('V1089', 'V1083', 'xggYTnwQVaJSjlDNdhmzNvWjhkFNRguiFITEXpZl', 70326, 10000037, 10001080);
insert into DetallesVentas (id, idventa, detalle, cantidad, idPerecederos, idNoPerecederos) values ('V1090', 'V1037', 'fRCOVjAfDlUhWRoeXYzNMPkDITrvOZsOVmjMhVbl', 76443, 10000006, 10001003);
insert into DetallesVentas (id, idventa, detalle, cantidad, idPerecederos, idNoPerecederos) values ('V1091', 'V1087', 'OdMlxFgbccQCPLuFfrakGuZVdzbqUQGEDhzTHXGd', 64974, 10000098, 10001055);
insert into DetallesVentas (id, idventa, detalle, cantidad, idPerecederos, idNoPerecederos) values ('V1092', 'V1066', 'vTHxJWrtwSErXQPNjDylzehfHhVNHfPVxRrJoqqu', 88934, 10000028, 10001058);
insert into DetallesVentas (id, idventa, detalle, cantidad, idPerecederos, idNoPerecederos) values ('V1093', 'V1018', 'jwCKLXrOBsKHnLbIALMnhMFeGePqLNfNEZybHugt', 75623, 10000076, 10001045);
insert into DetallesVentas (id, idventa, detalle, cantidad, idPerecederos, idNoPerecederos) values ('V1094', 'V1028', 'ukUXOujZPSztYTuCrEuvmRGpqFBIpsqFlnHbBNks', 77599, 10000023, 10001087);
insert into DetallesVentas (id, idventa, detalle, cantidad, idPerecederos, idNoPerecederos) values ('V1095', 'V1034', 'PhJFUlzdfXfMTsclXjEUNAQYMauircdYwFbRyszK', 12140, 10000097, 10001088);
insert into DetallesVentas (id, idventa, detalle, cantidad, idPerecederos, idNoPerecederos) values ('V1096', 'V1032', 'fSoiciOqlCReEUzeMbOAyTfuFXeHRNHQqvorrumW', 57370, 10000049, 10001028);
insert into DetallesVentas (id, idventa, detalle, cantidad, idPerecederos, idNoPerecederos) values ('V1097', 'V1047', 'ALZJeSopRgcPKTzWYzEBVWzJzuBQrSWhECOChzTc', 92718, 10000054, 10001078);
insert into DetallesVentas (id, idventa, detalle, cantidad, idPerecederos, idNoPerecederos) values ('V1098', 'V1045', 'cQeHRjMNglStTGjFkXZCoqgIhfUDuZHCqoSMigdS', 67288, 10000082, 10001035);
insert into DetallesVentas (id, idventa, detalle, cantidad, idPerecederos, idNoPerecederos) values ('V1099', 'V1022', 'ZfghzzRvpEhwlrYqxJvdQMuvNjnxFRBrBiGArzRA', 20310, 10000095, 10001090);

insert into Generan (idCliente, idventa) values (10000066, 'V1057');
insert into Generan (idCliente, idventa) values (10000028, 'V1091');
insert into Generan (idCliente, idventa) values (10000176, 'V1096');
insert into Generan (idCliente, idventa) values (10000099, 'V1086');
insert into Generan (idCliente, idventa) values (10000080, 'V1022');
insert into Generan (idCliente, idventa) values (10000024, 'V1043');
insert into Generan (idCliente, idventa) values (10000071, 'V1072');
insert into Generan (idCliente, idventa) values (10000196, 'V1030');
insert into Generan (idCliente, idventa) values (10000186, 'V1059');
insert into Generan (idCliente, idventa) values (10000107, 'V1005');
insert into Generan (idCliente, idventa) values (10000121, 'V1008');
insert into Generan (idCliente, idventa) values (10000062, 'V1063');
insert into Generan (idCliente, idventa) values (10000007, 'V1098');
insert into Generan (idCliente, idventa) values (10000145, 'V1053');
insert into Generan (idCliente, idventa) values (10000102, 'V1061');
insert into Generan (idCliente, idventa) values (10000141, 'V1031');
insert into Generan (idCliente, idventa) values (10000116, 'V1002');
insert into Generan (idCliente, idventa) values (10000012, 'V1097');
insert into Generan (idCliente, idventa) values (10000035, 'V1063');
insert into Generan (idCliente, idventa) values (10000135, 'V1039');
insert into Generan (idCliente, idventa) values (10000100, 'V1096');
insert into Generan (idCliente, idventa) values (10000036, 'V1066');
insert into Generan (idCliente, idventa) values (10000025, 'V1081');
insert into Generan (idCliente, idventa) values (10000182, 'V1016');
insert into Generan (idCliente, idventa) values (10000027, 'V1049');
insert into Generan (idCliente, idventa) values (10000131, 'V1097');
insert into Generan (idCliente, idventa) values (10000158, 'V1032');
insert into Generan (idCliente, idventa) values (10000199, 'V1099');
insert into Generan (idCliente, idventa) values (10000085, 'V1077');
insert into Generan (idCliente, idventa) values (10000188, 'V1091');
insert into Generan (idCliente, idventa) values (10000037, 'V1046');
insert into Generan (idCliente, idventa) values (10000139, 'V1008');
insert into Generan (idCliente, idventa) values (10000029, 'V1001');
insert into Generan (idCliente, idventa) values (10000059, 'V1051');
insert into Generan (idCliente, idventa) values (10000098, 'V1075');
insert into Generan (idCliente, idventa) values (10000146, 'V1034');
insert into Generan (idCliente, idventa) values (10000137, 'V1087');
insert into Generan (idCliente, idventa) values (10000056, 'V1025');
insert into Generan (idCliente, idventa) values (10000054, 'V1053');
insert into Generan (idCliente, idventa) values (10000149, 'V1091');
insert into Generan (idCliente, idventa) values (10000061, 'V1073');
insert into Generan (idCliente, idventa) values (10000105, 'V1067');
insert into Generan (idCliente, idventa) values (10000044, 'V1086');
insert into Generan (idCliente, idventa) values (10000005, 'V1047');
insert into Generan (idCliente, idventa) values (10000074, 'V1018');
insert into Generan (idCliente, idventa) values (10000073, 'V1058');
insert into Generan (idCliente, idventa) values (10000120, 'V1046');
insert into Generan (idCliente, idventa) values (10000068, 'V1076');
insert into Generan (idCliente, idventa) values (10000187, 'V1051');
insert into Generan (idCliente, idventa) values (10000166, 'V1032');
insert into Generan (idCliente, idventa) values (10000180, 'V1094');
insert into Generan (idCliente, idventa) values (10000129, 'V1078');
insert into Generan (idCliente, idventa) values (10000077, 'V1087');
insert into Generan (idCliente, idventa) values (10000103, 'V1089');
insert into Generan (idCliente, idventa) values (10000014, 'V1078');
insert into Generan (idCliente, idventa) values (10000095, 'V1052');
insert into Generan (idCliente, idventa) values (10000148, 'V1012');
insert into Generan (idCliente, idventa) values (10000156, 'V1033');
insert into Generan (idCliente, idventa) values (10000072, 'V1031');
insert into Generan (idCliente, idventa) values (10000063, 'V1097');
insert into Generan (idCliente, idventa) values (10000046, 'V1046');
insert into Generan (idCliente, idventa) values (10000055, 'V1044');
insert into Generan (idCliente, idventa) values (10000109, 'V1003');
insert into Generan (idCliente, idventa) values (10000161, 'V1052');
insert into Generan (idCliente, idventa) values (10000117, 'V1052');
insert into Generan (idCliente, idventa) values (10000002, 'V1015');
insert into Generan (idCliente, idventa) values (10000157, 'V1043');
insert into Generan (idCliente, idventa) values (10000001, 'V1046');
insert into Generan (idCliente, idventa) values (10000076, 'V1065');
insert into Generan (idCliente, idventa) values (10000088, 'V1087');
insert into Generan (idCliente, idventa) values (10000017, 'V1019');
insert into Generan (idCliente, idventa) values (10000022, 'V1055');
insert into Generan (idCliente, idventa) values (10000058, 'V1063');
insert into Generan (idCliente, idventa) values (10000060, 'V1003');
insert into Generan (idCliente, idventa) values (10000185, 'V1091');
insert into Generan (idCliente, idventa) values (10000067, 'V1067');
insert into Generan (idCliente, idventa) values (10000184, 'V1059');
insert into Generan (idCliente, idventa) values (10000189, 'V1042');
insert into Generan (idCliente, idventa) values (10000112, 'V1080');
insert into Generan (idCliente, idventa) values (10000181, 'V1024');
insert into Generan (idCliente, idventa) values (10000147, 'V1072');
insert into Generan (idCliente, idventa) values (10000124, 'V1007');
insert into Generan (idCliente, idventa) values (10000160, 'V1051');
insert into Generan (idCliente, idventa) values (10000123, 'V1052');
insert into Generan (idCliente, idventa) values (10000183, 'V1013');
insert into Generan (idCliente, idventa) values (10000009, 'V1095');
insert into Generan (idCliente, idventa) values (10000030, 'V1027');
insert into Generan (idCliente, idventa) values (10000190, 'V1011');
insert into Generan (idCliente, idventa) values (10000016, 'V1013');
insert into Generan (idCliente, idventa) values (10000018, 'V1050');
insert into Generan (idCliente, idventa) values (10000113, 'V1009');
insert into Generan (idCliente, idventa) values (10000119, 'V1002');
insert into Generan (idCliente, idventa) values (10000031, 'V1090');
insert into Generan (idCliente, idventa) values (10000049, 'V1099');
insert into Generan (idCliente, idventa) values (10000042, 'V1082');
insert into Generan (idCliente, idventa) values (10000043, 'V1024');
insert into Generan (idCliente, idventa) values (10000195, 'V1006');
insert into Generan (idCliente, idventa) values (10000104, 'V1024');
insert into Generan (idCliente, idventa) values (10000021, 'V1085');
insert into Generan (idCliente, idventa) values (10000193, 'V1092');

insert into SeVenden (idPerecederos, idNoPerecederos, idVenta) values (10000046, 10001081, 'V1009');
insert into SeVenden (idPerecederos, idNoPerecederos, idVenta) values (10000030, 10001097, 'V1063');
insert into SeVenden (idPerecederos, idNoPerecederos, idVenta) values (10000052, 10001042, 'V1017');
insert into SeVenden (idPerecederos, idNoPerecederos, idVenta) values (10000077, 10001060, 'V1018');
insert into SeVenden (idPerecederos, idNoPerecederos, idVenta) values (10000031, 10001054, 'V1073');
insert into SeVenden (idPerecederos, idNoPerecederos, idVenta) values (10000040, 10001030, 'V1056');
insert into SeVenden (idPerecederos, idNoPerecederos, idVenta) values (10000087, 10001031, 'V1005');
insert into SeVenden (idPerecederos, idNoPerecederos, idVenta) values (10000002, 10001078, 'V1044');
insert into SeVenden (idPerecederos, idNoPerecederos, idVenta) values (10000065, 10001049, 'V1097');
insert into SeVenden (idPerecederos, idNoPerecederos, idVenta) values (10000005, 10001084, 'V1008');
insert into SeVenden (idPerecederos, idNoPerecederos, idVenta) values (10000072, 10001068, 'V1086');
insert into SeVenden (idPerecederos, idNoPerecederos, idVenta) values (10000091, 10001005, 'V1043');
insert into SeVenden (idPerecederos, idNoPerecederos, idVenta) values (10000056, 10001056, 'V1071');
insert into SeVenden (idPerecederos, idNoPerecederos, idVenta) values (10000052, 10001087, 'V1043');
insert into SeVenden (idPerecederos, idNoPerecederos, idVenta) values (10000088, 10001036, 'V1061');
insert into SeVenden (idPerecederos, idNoPerecederos, idVenta) values (10000010, 10001073, 'V1065');
insert into SeVenden (idPerecederos, idNoPerecederos, idVenta) values (10000090, 10001031, 'V1041');
insert into SeVenden (idPerecederos, idNoPerecederos, idVenta) values (10000009, 10001082, 'V1048');
insert into SeVenden (idPerecederos, idNoPerecederos, idVenta) values (10000053, 10001081, 'V1089');
insert into SeVenden (idPerecederos, idNoPerecederos, idVenta) values (10000051, 10001023, 'V1023');
insert into SeVenden (idPerecederos, idNoPerecederos, idVenta) values (10000090, 10001070, 'V1077');
insert into SeVenden (idPerecederos, idNoPerecederos, idVenta) values (10000086, 10001098, 'V1038');
insert into SeVenden (idPerecederos, idNoPerecederos, idVenta) values (10000046, 10001073, 'V1075');
insert into SeVenden (idPerecederos, idNoPerecederos, idVenta) values (10000002, 10001074, 'V1000');
insert into SeVenden (idPerecederos, idNoPerecederos, idVenta) values (10000023, 10001037, 'V1069');
insert into SeVenden (idPerecederos, idNoPerecederos, idVenta) values (10000096, 10001032, 'V1054');
insert into SeVenden (idPerecederos, idNoPerecederos, idVenta) values (10000080, 10001056, 'V1034');
insert into SeVenden (idPerecederos, idNoPerecederos, idVenta) values (10000033, 10001016, 'V1033');
insert into SeVenden (idPerecederos, idNoPerecederos, idVenta) values (10000003, 10001097, 'V1084');
insert into SeVenden (idPerecederos, idNoPerecederos, idVenta) values (10000025, 10001015, 'V1046');
insert into SeVenden (idPerecederos, idNoPerecederos, idVenta) values (10000010, 10001075, 'V1082');
insert into SeVenden (idPerecederos, idNoPerecederos, idVenta) values (10000062, 10001060, 'V1061');
insert into SeVenden (idPerecederos, idNoPerecederos, idVenta) values (10000005, 10001093, 'V1038');
insert into SeVenden (idPerecederos, idNoPerecederos, idVenta) values (10000027, 10001039, 'V1083');
insert into SeVenden (idPerecederos, idNoPerecederos, idVenta) values (10000029, 10001002, 'V1034');
insert into SeVenden (idPerecederos, idNoPerecederos, idVenta) values (10000002, 10001009, 'V1028');
insert into SeVenden (idPerecederos, idNoPerecederos, idVenta) values (10000013, 10001016, 'V1066');
insert into SeVenden (idPerecederos, idNoPerecederos, idVenta) values (10000029, 10001087, 'V1011');
insert into SeVenden (idPerecederos, idNoPerecederos, idVenta) values (10000011, 10001012, 'V1079');
insert into SeVenden (idPerecederos, idNoPerecederos, idVenta) values (10000014, 10001072, 'V1017');
insert into SeVenden (idPerecederos, idNoPerecederos, idVenta) values (10000084, 10001028, 'V1059');
insert into SeVenden (idPerecederos, idNoPerecederos, idVenta) values (10000075, 10001041, 'V1054');
insert into SeVenden (idPerecederos, idNoPerecederos, idVenta) values (10000067, 10001095, 'V1087');
insert into SeVenden (idPerecederos, idNoPerecederos, idVenta) values (10000014, 10001077, 'V1092');
insert into SeVenden (idPerecederos, idNoPerecederos, idVenta) values (10000058, 10001007, 'V1084');
insert into SeVenden (idPerecederos, idNoPerecederos, idVenta) values (10000097, 10001033, 'V1000');
insert into SeVenden (idPerecederos, idNoPerecederos, idVenta) values (10000020, 10001044, 'V1061');
insert into SeVenden (idPerecederos, idNoPerecederos, idVenta) values (10000086, 10001009, 'V1036');
insert into SeVenden (idPerecederos, idNoPerecederos, idVenta) values (10000007, 10001006, 'V1096');
insert into SeVenden (idPerecederos, idNoPerecederos, idVenta) values (10000071, 10001001, 'V1010');
insert into SeVenden (idPerecederos, idNoPerecederos, idVenta) values (10000060, 10001090, 'V1036');
insert into SeVenden (idPerecederos, idNoPerecederos, idVenta) values (10000003, 10001028, 'V1091');
insert into SeVenden (idPerecederos, idNoPerecederos, idVenta) values (10000050, 10001085, 'V1001');
insert into SeVenden (idPerecederos, idNoPerecederos, idVenta) values (10000061, 10001032, 'V1071');
insert into SeVenden (idPerecederos, idNoPerecederos, idVenta) values (10000050, 10001026, 'V1084');
insert into SeVenden (idPerecederos, idNoPerecederos, idVenta) values (10000089, 10001050, 'V1018');
insert into SeVenden (idPerecederos, idNoPerecederos, idVenta) values (10000070, 10001047, 'V1012');
insert into SeVenden (idPerecederos, idNoPerecederos, idVenta) values (10000041, 10001063, 'V1026');
insert into SeVenden (idPerecederos, idNoPerecederos, idVenta) values (10000042, 10001054, 'V1082');
insert into SeVenden (idPerecederos, idNoPerecederos, idVenta) values (10000028, 10001059, 'V1013');
insert into SeVenden (idPerecederos, idNoPerecederos, idVenta) values (10000092, 10001025, 'V1014');
insert into SeVenden (idPerecederos, idNoPerecederos, idVenta) values (10000033, 10001088, 'V1099');
insert into SeVenden (idPerecederos, idNoPerecederos, idVenta) values (10000085, 10001081, 'V1037');
insert into SeVenden (idPerecederos, idNoPerecederos, idVenta) values (10000043, 10001074, 'V1066');
insert into SeVenden (idPerecederos, idNoPerecederos, idVenta) values (10000001, 10001042, 'V1072');
insert into SeVenden (idPerecederos, idNoPerecederos, idVenta) values (10000039, 10001020, 'V1009');
insert into SeVenden (idPerecederos, idNoPerecederos, idVenta) values (10000023, 10001082, 'V1062');
insert into SeVenden (idPerecederos, idNoPerecederos, idVenta) values (10000024, 10001067, 'V1055');
insert into SeVenden (idPerecederos, idNoPerecederos, idVenta) values (10000050, 10001081, 'V1054');
insert into SeVenden (idPerecederos, idNoPerecederos, idVenta) values (10000061, 10001053, 'V1037');
insert into SeVenden (idPerecederos, idNoPerecederos, idVenta) values (10000055, 10001008, 'V1094');
insert into SeVenden (idPerecederos, idNoPerecederos, idVenta) values (10000042, 10001088, 'V1094');
insert into SeVenden (idPerecederos, idNoPerecederos, idVenta) values (10000018, 10001034, 'V1037');
insert into SeVenden (idPerecederos, idNoPerecederos, idVenta) values (10000084, 10001095, 'V1002');
insert into SeVenden (idPerecederos, idNoPerecederos, idVenta) values (10000057, 10001059, 'V1099');
insert into SeVenden (idPerecederos, idNoPerecederos, idVenta) values (10000048, 10001016, 'V1024');
insert into SeVenden (idPerecederos, idNoPerecederos, idVenta) values (10000086, 10001006, 'V1036');
insert into SeVenden (idPerecederos, idNoPerecederos, idVenta) values (10000093, 10001071, 'V1098');
insert into SeVenden (idPerecederos, idNoPerecederos, idVenta) values (10000037, 10001019, 'V1006');
insert into SeVenden (idPerecederos, idNoPerecederos, idVenta) values (10000079, 10001095, 'V1049');
insert into SeVenden (idPerecederos, idNoPerecederos, idVenta) values (10000077, 10001001, 'V1045');
insert into SeVenden (idPerecederos, idNoPerecederos, idVenta) values (10000097, 10001065, 'V1076');
insert into SeVenden (idPerecederos, idNoPerecederos, idVenta) values (10000060, 10001067, 'V1054');
insert into SeVenden (idPerecederos, idNoPerecederos, idVenta) values (10000002, 10001031, 'V1059');
insert into SeVenden (idPerecederos, idNoPerecederos, idVenta) values (10000013, 10001042, 'V1010');
insert into SeVenden (idPerecederos, idNoPerecederos, idVenta) values (10000091, 10001092, 'V1056');
insert into SeVenden (idPerecederos, idNoPerecederos, idVenta) values (10000007, 10001095, 'V1098');
insert into SeVenden (idPerecederos, idNoPerecederos, idVenta) values (10000073, 10001036, 'V1014');
insert into SeVenden (idPerecederos, idNoPerecederos, idVenta) values (10000024, 10001051, 'V1026');
insert into SeVenden (idPerecederos, idNoPerecederos, idVenta) values (10000057, 10001060, 'V1097');
insert into SeVenden (idPerecederos, idNoPerecederos, idVenta) values (10000043, 10001021, 'V1060');
insert into SeVenden (idPerecederos, idNoPerecederos, idVenta) values (10000093, 10001097, 'V1082');
insert into SeVenden (idPerecederos, idNoPerecederos, idVenta) values (10000048, 10001015, 'V1034');
insert into SeVenden (idPerecederos, idNoPerecederos, idVenta) values (10000058, 10001045, 'V1072');
insert into SeVenden (idPerecederos, idNoPerecederos, idVenta) values (10000038, 10001027, 'V1033');
insert into SeVenden (idPerecederos, idNoPerecederos, idVenta) values (10000003, 10001070, 'V1055');
insert into SeVenden (idPerecederos, idNoPerecederos, idVenta) values (10000019, 10001016, 'V1096');
insert into SeVenden (idPerecederos, idNoPerecederos, idVenta) values (10000037, 10001007, 'V1046');
insert into SeVenden (idPerecederos, idNoPerecederos, idVenta) values (10000073, 10001098, 'V1076');
insert into SeVenden (idPerecederos, idNoPerecederos, idVenta) values (10000086, 10001072, 'V1017');

--PoblarNook

--Xpoblar
DELETE FROM SeVenden;
DELETE FROM Generan;
DELETE FROM DetallesVentas;
DELETE FROM Ventas;
